mc	mn	quarterbeats	quarterbeats_all_endings	duration_qb	mc_onset	mn_onset	event	timesig	staff	voice	duration	nominal_duration	scalar	chord_id
1	1	0	0	2.0	0	0	Chord	4/4	1	1	1/2	1/2	1	0
1	1	2	2	1.0	1/2	1/2	Chord	4/4	1	1	1/4	1/4	1	1
1	1	3	3	1.0	3/4	3/4	Chord	4/4	1	1	1/4	1/4	1	2
1	1	0	0	2.0	0	0	Chord	4/4	2	1	1/2	1/2	1	3
1	1	2	2	1.0	1/2	1/2	Chord	4/4	2	1	1/4	1/4	1	4
1	1	3	3	1.0	3/4	3/4	Chord	4/4	2	1	1/4	1/4	1	5
1	1	0	0	2.0	0	0	Chord	4/4	3	1	1/2	1/2	1	6
1	1	2	2	1.0	1/2	1/2	Chord	4/4	3	1	1/4	1/4	1	7
1	1	3	3	1.0	3/4	3/4	Chord	4/4	3	1	1/4	1/4	1	8
1	1	0	0	2.0	0	0	Chord	4/4	4	1	1/2	1/2	1	9
1	1	2	2	1.0	1/2	1/2	Chord	4/4	4	1	1/4	1/4	1	10
1	1	3	3	1.0	3/4	3/4	Chord	4/4	4	1	1/4	1/4	1	11
2	2	4	4	1.0	0	0	Chord	4/4	1	1	1/4	1/4	1	12
2	2	5	5	2.0	1/4	1/4	Chord	4/4	1	1	1/2	1/2	1	13
2	2	7	7	1.0	3/4	3/4	Chord	4/4	1	1	1/4	1/4	1	14
2	2	4	4	1.0	0	0	Chord	4/4	2	1	1/4	1/4	1	15
2	2	5	5	2.0	1/4	1/4	Chord	4/4	2	1	1/2	1/2	1	16
2	2	7	7	1.0	3/4	3/4	Chord	4/4	2	1	1/4	1/4	1	17
2	2	4	4	1.0	0	0	Chord	4/4	3	1	1/4	1/4	1	18
2	2	5	5	2.0	1/4	1/4	Chord	4/4	3	1	1/2	1/2	1	19
2	2	7	7	1.0	3/4	3/4	Chord	4/4	3	1	1/4	1/4	1	20
2	2	4	4	1.0	0	0	Chord	4/4	4	1	1/4	1/4	1	21
2	2	5	5	2.0	1/4	1/4	Chord	4/4	4	1	1/2	1/2	1	22
2	2	7	7	1.0	3/4	3/4	Chord	4/4	4	1	1/4	1/4	1	23
3	3	8	8	2.0	0	0	Chord	4/4	1	1	1/2	1/2	1	24
3	3	10	10	2.0	1/2	1/2	Chord	4/4	1	1	1/2	1/2	1	25
3	3	8	8	2.0	0	0	Chord	4/4	2	1	1/2	1/2	1	26
3	3	10	10	2.0	1/2	1/2	Chord	4/4	2	1	1/2	1/2	1	27
3	3	8	8	2.0	0	0	Chord	4/4	3	1	1/2	1/2	1	28
3	3	10	10	2.0	1/2	1/2	Chord	4/4	3	1	1/2	1/2	1	29
3	3	8	8	2.0	0	0	Chord	4/4	4	1	1/2	1/2	1	30
3	3	10	10	2.0	1/2	1/2	Chord	4/4	4	1	1/2	1/2	1	31
4	4	12	12	2.0	0	0	Chord	4/4	1	1	1/2	1/2	1	32
4	4	14	14	2.0	1/2	1/2	Chord	4/4	1	1	1/2	1/2	1	33
4	4	12	12	2.0	0	0	Chord	4/4	2	1	1/2	1/2	1	34
4	4	14	14	2.0	1/2	1/2	Chord	4/4	2	1	1/2	1/2	1	35
4	4	12	12	2.0	0	0	Chord	4/4	3	1	1/2	1/2	1	36
4	4	14	14	2.0	1/2	1/2	Chord	4/4	3	1	1/2	1/2	1	37
4	4	12	12	2.0	0	0	Chord	4/4	4	1	1/2	1/2	1	38
4	4	14	14	2.0	1/2	1/2	Chord	4/4	4	1	1/2	1/2	1	39
5	5	16	16	1.0	0	0	Chord	4/4	1	1	1/4	1/4	1	40
5	5	17	17	1.0	1/4	1/4	Chord	4/4	1	1	1/4	1/4	1	41
5	5	18	18	2.0	1/2	1/2	Chord	4/4	1	1	1/2	1/2	1	42
5	5	16	16	1.0	0	0	Chord	4/4	2	1	1/4	1/4	1	43
5	5	17	17	1.0	1/4	1/4	Chord	4/4	2	1	1/4	1/4	1	44
5	5	18	18	1.0	1/2	1/2	Chord	4/4	2	1	1/4	1/4	1	45
5	5	19	19	1.0	3/4	3/4	Chord	4/4	2	1	1/4	1/4	1	46
5	5	16	16	1.0	0	0	Chord	4/4	3	1	1/4	1/4	1	47
5	5	17	17	1.0	1/4	1/4	Chord	4/4	3	1	1/4	1/4	1	48
5	5	18	18	2.0	1/2	1/2	Chord	4/4	3	1	1/2	1/2	1	49
5	5	16	16	1.0	0	0	Chord	4/4	4	1	1/4	1/4	1	50
5	5	17	17	2.0	1/4	1/4	Chord	4/4	4	1	1/2	1/2	1	51
5	5	19	19	1.0	3/4	3/4	Chord	4/4	4	1	1/4	1/4	1	52
6	6	20	20	2.0	0	0	Chord	4/4	1	1	1/2	1/2	1	53
6	6	22	22	2.0	1/2	1/2	Chord	4/4	1	1	1/2	1/2	1	54
6	6	20	20	1.0	0	0	Chord	4/4	2	1	1/4	1/4	1	55
6	6	21	21	1.0	1/4	1/4	Chord	4/4	2	1	1/4	1/4	1	56
6	6	22	22	2.0	1/2	1/2	Chord	4/4	2	1	1/2	1/2	1	57
6	6	20	20	2.0	0	0	Chord	4/4	3	1	1/2	1/2	1	58
6	6	22	22	2.0	1/2	1/2	Chord	4/4	3	1	1/2	1/2	1	59
6	6	20	20	2.0	0	0	Chord	4/4	4	1	1/2	1/2	1	60
6	6	22	22	2.0	1/2	1/2	Chord	4/4	4	1	1/2	1/2	1	61
7	7	26	26	2.0	1/2	1/2	Chord	4/4	1	1	1/2	1/2	1	62
7	7	26	26	2.0	1/2	1/2	Chord	4/4	2	1	1/2	1/2	1	63
7	7	26	26	2.0	1/2	1/2	Chord	4/4	3	1	1/2	1/2	1	64
7	7	26	26	2.0	1/2	1/2	Chord	4/4	4	1	1/2	1/2	1	65
8	8	28	28	1.0	0	0	Chord	4/4	1	1	1/4	1/4	1	66
8	8	29	29	1.0	1/4	1/4	Chord	4/4	1	1	1/4	1/4	1	67
8	8	30	30	1.0	1/2	1/2	Chord	4/4	1	1	1/4	1/4	1	68
8	8	31	31	1.0	3/4	3/4	Chord	4/4	1	1	1/4	1/4	1	69
8	8	28	28	1.0	0	0	Chord	4/4	2	1	1/4	1/4	1	70
8	8	29	29	1.0	1/4	1/4	Chord	4/4	2	1	1/4	1/4	1	71
8	8	30	30	1.0	1/2	1/2	Chord	4/4	2	1	1/4	1/4	1	72
8	8	31	31	1.0	3/4	3/4	Chord	4/4	2	1	1/4	1/4	1	73
8	8	28	28	1.0	0	0	Chord	4/4	3	1	1/4	1/4	1	74
8	8	29	29	1.0	1/4	1/4	Chord	4/4	3	1	1/4	1/4	1	75
8	8	30	30	1.0	1/2	1/2	Chord	4/4	3	1	1/4	1/4	1	76
8	8	31	31	1.0	3/4	3/4	Chord	4/4	3	1	1/4	1/4	1	77
8	8	28	28	1.0	0	0	Chord	4/4	4	1	1/4	1/4	1	78
8	8	29	29	1.0	1/4	1/4	Chord	4/4	4	1	1/4	1/4	1	79
8	8	30	30	1.0	1/2	1/2	Chord	4/4	4	1	1/4	1/4	1	80
8	8	31	31	1.0	3/4	3/4	Chord	4/4	4	1	1/4	1/4	1	81
9	9	32	32	1.0	0	0	Chord	4/4	1	1	1/4	1/4	1	82
9	9	33	33	1.0	1/4	1/4	Chord	4/4	1	1	1/4	1/4	1	83
9	9	34	34	2.0	1/2	1/2	Chord	4/4	1	1	1/2	1/2	1	84
9	9	32	32	1.0	0	0	Chord	4/4	2	1	1/4	1/4	1	85
9	9	33	33	1.0	1/4	1/4	Chord	4/4	2	1	1/4	1/4	1	86
9	9	34	34	2.0	1/2	1/2	Chord	4/4	2	1	1/2	1/2	1	87
9	9	32	32	1.0	0	0	Chord	4/4	3	1	1/4	1/4	1	88
9	9	33	33	1.0	1/4	1/4	Chord	4/4	3	1	1/4	1/4	1	89
9	9	34	34	2.0	1/2	1/2	Chord	4/4	3	1	1/2	1/2	1	90
9	9	32	32	1.0	0	0	Chord	4/4	4	1	1/4	1/4	1	91
9	9	33	33	1.0	1/4	1/4	Chord	4/4	4	1	1/4	1/4	1	92
9	9	34	34	2.0	1/2	1/2	Chord	4/4	4	1	1/2	1/2	1	93
10	10	36	36	2.0	0	0	Chord	4/4	1	1	1/2	1/2	1	94
10	10	36	36	2.0	0	0	Chord	4/4	2	1	1/2	1/2	1	95
10	10	36	36	2.0	0	0	Chord	4/4	3	1	1/2	1/2	1	96
10	10	36	36	2.0	0	0	Chord	4/4	4	1	1/2	1/2	1	97
11	11	40	40	2.0	0	0	Chord	4/4	1	1	1/2	1/2	1	98
11	11	42	42	2.0	1/2	1/2	Chord	4/4	1	1	1/2	1/2	1	99
11	11	40	40	2.0	0	0	Chord	4/4	2	1	1/2	1/2	1	100
11	11	42	42	2.0	1/2	1/2	Chord	4/4	2	1	1/2	1/2	1	101
11	11	40	40	2.0	0	0	Chord	4/4	3	1	1/2	1/2	1	102
11	11	42	42	2.0	1/2	1/2	Chord	4/4	3	1	1/2	1/2	1	103
11	11	40	40	2.0	0	0	Chord	4/4	4	1	1/2	1/2	1	104
11	11	42	42	2.0	1/2	1/2	Chord	4/4	4	1	1/2	1/2	1	105
12	12	44	44	1.0	0	0	Chord	4/4	1	1	1/4	1/4	1	106
12	12	45	45	1.0	1/4	1/4	Chord	4/4	1	1	1/4	1/4	1	107
12	12	46	46	2.0	1/2	1/2	Chord	4/4	1	1	1/2	1/2	1	108
12	12	44	44	1.0	0	0	Chord	4/4	2	1	1/4	1/4	1	109
12	12	45	45	1.0	1/4	1/4	Chord	4/4	2	1	1/4	1/4	1	110
12	12	46	46	1.0	1/2	1/2	Chord	4/4	2	1	1/4	1/4	1	111
12	12	47	47	1.0	3/4	3/4	Chord	4/4	2	1	1/4	1/4	1	112
12	12	44	44	1.0	0	0	Chord	4/4	3	1	1/4	1/4	1	113
12	12	45	45	1.0	1/4	1/4	Chord	4/4	3	1	1/4	1/4	1	114
12	12	46	46	2.0	1/2	1/2	Chord	4/4	3	1	1/2	1/2	1	115
12	12	44	44	1.0	0	0	Chord	4/4	4	1	1/4	1/4	1	116
12	12	45	45	2.0	1/4	1/4	Chord	4/4	4	1	1/2	1/2	1	117
12	12	47	47	1.0	3/4	3/4	Chord	4/4	4	1	1/4	1/4	1	118
13	13	48	48	2.0	0	0	Chord	4/4	1	1	1/2	1/2	1	119
13	13	50	50	2.0	1/2	1/2	Chord	4/4	1	1	1/2	1/2	1	120
13	13	48	48	1.0	0	0	Chord	4/4	2	1	1/4	1/4	1	121
13	13	49	49	1.0	1/4	1/4	Chord	4/4	2	1	1/4	1/4	1	122
13	13	50	50	2.0	1/2	1/2	Chord	4/4	2	1	1/2	1/2	1	123
13	13	48	48	2.0	0	0	Chord	4/4	3	1	1/2	1/2	1	124
13	13	50	50	2.0	1/2	1/2	Chord	4/4	3	1	1/2	1/2	1	125
13	13	48	48	2.0	0	0	Chord	4/4	4	1	1/2	1/2	1	126
13	13	50	50	2.0	1/2	1/2	Chord	4/4	4	1	1/2	1/2	1	127
14	14	54	54	2.0	1/2	1/2	Chord	4/4	1	1	1/2	1/2	1	128
14	14	54	54	2.0	1/2	1/2	Chord	4/4	2	1	1/2	1/2	1	129
14	14	54	54	2.0	1/2	1/2	Chord	4/4	3	1	1/2	1/2	1	130
14	14	54	54	2.0	1/2	1/2	Chord	4/4	4	1	1/2	1/2	1	131
15	15	56	56	2.0	0	0	Chord	4/4	1	1	1/2	1/2	1	132
15	15	58	58	1.0	1/2	1/2	Chord	4/4	1	1	1/4	1/4	1	133
15	15	59	59	1.0	3/4	3/4	Chord	4/4	1	1	1/4	1/4	1	134
15	15	56	56	2.0	0	0	Chord	4/4	2	1	1/2	1/2	1	135
15	15	58	58	1.0	1/2	1/2	Chord	4/4	2	1	1/4	1/4	1	136
15	15	59	59	1.0	3/4	3/4	Chord	4/4	2	1	1/4	1/4	1	137
15	15	56	56	2.0	0	0	Chord	4/4	3	1	1/2	1/2	1	138
15	15	58	58	1.0	1/2	1/2	Chord	4/4	3	1	1/4	1/4	1	139
15	15	59	59	1.0	3/4	3/4	Chord	4/4	3	1	1/4	1/4	1	140
15	15	56	56	2.0	0	0	Chord	4/4	4	1	1/2	1/2	1	141
15	15	58	58	1.0	1/2	1/2	Chord	4/4	4	1	1/4	1/4	1	142
15	15	59	59	1.0	3/4	3/4	Chord	4/4	4	1	1/4	1/4	1	143
16	16	60	60	1.0	0	0	Chord	4/4	1	1	1/4	1/4	1	144
16	16	61	61	1.0	1/4	1/4	Chord	4/4	1	1	1/4	1/4	1	145
16	16	62	62	2.0	1/2	1/2	Chord	4/4	1	1	1/2	1/2	1	146
16	16	60	60	1.0	0	0	Chord	4/4	2	1	1/4	1/4	1	147
16	16	61	61	1.0	1/4	1/4	Chord	4/4	2	1	1/4	1/4	1	148
16	16	62	62	2.0	1/2	1/2	Chord	4/4	2	1	1/2	1/2	1	149
16	16	60	60	1.0	0	0	Chord	4/4	3	1	1/4	1/4	1	150
16	16	61	61	1.0	1/4	1/4	Chord	4/4	3	1	1/4	1/4	1	151
16	16	62	62	2.0	1/2	1/2	Chord	4/4	3	1	1/2	1/2	1	152
16	16	60	60	1.0	0	0	Chord	4/4	4	1	1/4	1/4	1	153
16	16	61	61	1.0	1/4	1/4	Chord	4/4	4	1	1/4	1/4	1	154
16	16	62	62	2.0	1/2	1/2	Chord	4/4	4	1	1/2	1/2	1	155
17	17	66	66	2.0	1/2	1/2	Chord	4/4	1	1	1/2	1/2	1	156
17	17	66	66	2.0	1/2	1/2	Chord	4/4	2	1	1/2	1/2	1	157
17	17	66	66	2.0	1/2	1/2	Chord	4/4	3	1	1/2	1/2	1	158
17	17	66	66	2.0	1/2	1/2	Chord	4/4	4	1	1/2	1/2	1	159
18	18	68	68	1.0	0	0	Chord	4/4	1	1	1/4	1/4	1	160
18	18	69	69	2.0	1/4	1/4	Chord	4/4	1	1	1/2	1/2	1	161
18	18	71	71	1.0	3/4	3/4	Chord	4/4	1	1	1/4	1/4	1	162
18	18	68	68	1.0	0	0	Chord	4/4	2	1	1/4	1/4	1	163
18	18	69	69	2.0	1/4	1/4	Chord	4/4	2	1	1/2	1/2	1	164
18	18	71	71	1.0	3/4	3/4	Chord	4/4	2	1	1/4	1/4	1	165
18	18	68	68	1.0	0	0	Chord	4/4	3	1	1/4	1/4	1	166
18	18	69	69	2.0	1/4	1/4	Chord	4/4	3	1	1/2	1/2	1	167
18	18	71	71	1.0	3/4	3/4	Chord	4/4	3	1	1/4	1/4	1	168
18	18	68	68	1.0	0	0	Chord	4/4	4	1	1/4	1/4	1	169
18	18	69	69	2.0	1/4	1/4	Chord	4/4	4	1	1/2	1/2	1	170
18	18	71	71	1.0	3/4	3/4	Chord	4/4	4	1	1/4	1/4	1	171
19	19	72	72	1.0	0	0	Chord	4/4	1	1	1/4	1/4	1	172
19	19	73	73	1.0	1/4	1/4	Chord	4/4	1	1	1/4	1/4	1	173
19	19	74	74	2.0	1/2	1/2	Chord	4/4	1	1	1/2	1/2	1	174
19	19	72	72	1.0	0	0	Chord	4/4	2	1	1/4	1/4	1	175
19	19	73	73	1.0	1/4	1/4	Chord	4/4	2	1	1/4	1/4	1	176
19	19	74	74	2.0	1/2	1/2	Chord	4/4	2	1	1/2	1/2	1	177
19	19	72	72	1.0	0	0	Chord	4/4	3	1	1/4	1/4	1	178
19	19	73	73	1.0	1/4	1/4	Chord	4/4	3	1	1/4	1/4	1	179
19	19	74	74	2.0	1/2	1/2	Chord	4/4	3	1	1/2	1/2	1	180
19	19	72	72	1.0	0	0	Chord	4/4	4	1	1/4	1/4	1	181
19	19	73	73	1.0	1/4	1/4	Chord	4/4	4	1	1/4	1/4	1	182
19	19	74	74	2.0	1/2	1/2	Chord	4/4	4	1	1/2	1/2	1	183
20	20	76	76	2.0	0	0	Chord	4/4	1	1	1/2	1/2	1	184
20	20	76	76	2.0	0	0	Chord	4/4	2	1	1/2	1/2	1	185
20	20	76	76	2.0	0	0	Chord	4/4	3	1	1/2	1/2	1	186
20	20	76	76	2.0	0	0	Chord	4/4	4	1	1/2	1/2	1	187
21	21	80	80	2.0	0	0	Chord	4/4	1	1	1/2	1/2	1	188
21	21	82	82	2.0	1/2	1/2	Chord	4/4	1	1	1/2	1/2	1	189
21	21	80	80	2.0	0	0	Chord	4/4	2	1	1/2	1/2	1	190
21	21	82	82	2.0	1/2	1/2	Chord	4/4	2	1	1/2	1/2	1	191
21	21	80	80	2.0	0	0	Chord	4/4	3	1	1/2	1/2	1	192
21	21	82	82	2.0	1/2	1/2	Chord	4/4	3	1	1/2	1/2	1	193
21	21	80	80	2.0	0	0	Chord	4/4	4	1	1/2	1/2	1	194
21	21	82	82	2.0	1/2	1/2	Chord	4/4	4	1	1/2	1/2	1	195
22	22	84	84	1.0	0	0	Chord	4/4	1	1	1/4	1/4	1	196
22	22	85	85	1.0	1/4	1/4	Chord	4/4	1	1	1/4	1/4	1	197
22	22	86	86	1.0	1/2	1/2	Chord	4/4	1	1	1/4	1/4	1	198
22	22	87	87	1.0	3/4	3/4	Chord	4/4	1	1	1/4	1/4	1	199
22	22	84	84	1.0	0	0	Chord	4/4	2	1	1/4	1/4	1	200
22	22	85	85	1.0	1/4	1/4	Chord	4/4	2	1	1/4	1/4	1	201
22	22	86	86	1.0	1/2	1/2	Chord	4/4	2	1	1/4	1/4	1	202
22	22	87	87	1.0	3/4	3/4	Chord	4/4	2	1	1/4	1/4	1	203
22	22	84	84	1.0	0	0	Chord	4/4	3	1	1/4	1/4	1	204
22	22	85	85	1.0	1/4	1/4	Chord	4/4	3	1	1/4	1/4	1	205
22	22	86	86	1.0	1/2	1/2	Chord	4/4	3	1	1/4	1/4	1	206
22	22	87	87	1.0	3/4	3/4	Chord	4/4	3	1	1/4	1/4	1	207
22	22	84	84	1.0	0	0	Chord	4/4	4	1	1/4	1/4	1	208
22	22	85	85	1.0	1/4	1/4	Chord	4/4	4	1	1/4	1/4	1	209
22	22	86	86	1.0	1/2	1/2	Chord	4/4	4	1	1/4	1/4	1	210
22	22	87	87	1.0	3/4	3/4	Chord	4/4	4	1	1/4	1/4	1	211
23	23	88	88	2.0	0	0	Chord	4/4	1	1	1/2	1/2	1	212
23	23	88	88	2.0	0	0	Chord	4/4	2	1	1/2	1/2	1	213
23	23	88	88	2.0	0	0	Chord	4/4	3	1	1/2	1/2	1	214
23	23	88	88	2.0	0	0	Chord	4/4	4	1	1/2	1/2	1	215
24	24	92	92	2.0	0	0	Chord	4/4	1	1	1/2	1/2	1	216
24	24	94	94	2.0	1/2	1/2	Chord	4/4	1	1	1/2	1/2	1	217
24	24	92	92	2.0	0	0	Chord	4/4	2	1	1/2	1/2	1	218
24	24	94	94	2.0	1/2	1/2	Chord	4/4	2	1	1/2	1/2	1	219
24	24	92	92	2.0	0	0	Chord	4/4	3	1	1/2	1/2	1	220
24	24	94	94	2.0	1/2	1/2	Chord	4/4	3	1	1/2	1/2	1	221
24	24	92	92	2.0	0	0	Chord	4/4	4	1	1/2	1/2	1	222
24	24	94	94	2.0	1/2	1/2	Chord	4/4	4	1	1/2	1/2	1	223
25	25	96	96	1.0	0	0	Chord	4/4	1	1	1/4	1/4	1	224
25	25	97	97	1.0	1/4	1/4	Chord	4/4	1	1	1/4	1/4	1	225
25	25	98	98	1.0	1/2	1/2	Chord	4/4	1	1	1/4	1/4	1	226
25	25	99	99	1.0	3/4	3/4	Chord	4/4	1	1	1/4	1/4	1	227
25	25	96	96	1.0	0	0	Chord	4/4	2	1	1/4	1/4	1	228
25	25	97	97	1.0	1/4	1/4	Chord	4/4	2	1	1/4	1/4	1	229
25	25	98	98	1.0	1/2	1/2	Chord	4/4	2	1	1/4	1/4	1	230
25	25	99	99	1.0	3/4	3/4	Chord	4/4	2	1	1/4	1/4	1	231
25	25	96	96	1.0	0	0	Chord	4/4	3	1	1/4	1/4	1	232
25	25	97	97	1.0	1/4	1/4	Chord	4/4	3	1	1/4	1/4	1	233
25	25	98	98	1.0	1/2	1/2	Chord	4/4	3	1	1/4	1/4	1	234
25	25	99	99	1.0	3/4	3/4	Chord	4/4	3	1	1/4	1/4	1	235
25	25	96	96	1.0	0	0	Chord	4/4	4	1	1/4	1/4	1	236
25	25	97	97	1.0	1/4	1/4	Chord	4/4	4	1	1/4	1/4	1	237
25	25	98	98	1.0	1/2	1/2	Chord	4/4	4	1	1/4	1/4	1	238
25	25	99	99	1.0	3/4	3/4	Chord	4/4	4	1	1/4	1/4	1	239
26	26	100	100	2.0	0	0	Chord	4/4	1	1	1/2	1/2	1	240
26	26	102	102	2.0	1/2	1/2	Chord	4/4	1	1	1/2	1/2	1	241
26	26	100	100	1.0	0	0	Chord	4/4	2	1	1/4	1/4	1	242
26	26	101	101	1.0	1/4	1/4	Chord	4/4	2	1	1/4	1/4	1	243
26	26	102	102	2.0	1/2	1/2	Chord	4/4	2	1	1/2	1/2	1	244
26	26	100	100	2.0	0	0	Chord	4/4	3	1	1/2	1/2	1	245
26	26	102	102	2.0	1/2	1/2	Chord	4/4	3	1	1/2	1/2	1	246
26	26	100	100	2.0	0	0	Chord	4/4	4	1	1/2	1/2	1	247
26	26	102	102	2.0	1/2	1/2	Chord	4/4	4	1	1/2	1/2	1	248
27	27	104	104	2.0	0	0	Chord	4/4	1	1	1/2	1/2	1	249
27	27	104	104	2.0	0	0	Chord	4/4	2	1	1/2	1/2	1	250
27	27	104	104	2.0	0	0	Chord	4/4	3	1	1/2	1/2	1	251
27	27	104	104	2.0	0	0	Chord	4/4	4	1	1/2	1/2	1	252
